Id,Designator,Footprint,Quantity,Comment,Supplier and ref
1,"C18,C12,C8,C5,C2,C11,C6,C3,C9,C7,C4",C_0402_1005Metric,11,0.1uF,
2,Y1,Crystal_SMD_3225-4Pin_3.2x2.5mm,1,12 MHz,
3,"R1,R2",R_0402_1005Metric,2,5.1k,
4,J4,PinHeader_1x03_P2.54mm_Vertical,1,Conn_01x03,
5,"R4,R3",R_0402_1005Metric,2,27,
6,"J2,J3",PinHeader_1x20_P2.54mm_Vertical,2,Conn_01x20,
7,U1,QFN-56-1EP_7x7mm_P0.4mm_EP3.2x3.2mm,1,RP2040,
8,"C14,C13",C_0603_1608Metric,2,10uF,
9,J1,USB_C_Receptacle_HRO_TYPE-C-31-M-12,1,USB_C_Receptacle_USB2.0_14P,
10,"C16,C15",C_0402_1005Metric,2,33pF,
11,"D2,D1",LED_6028R,2,SK6812MINI,
12,"R5,R6",R_0402_1005Metric,2,1k,
13,R7,R_0402_1005Metric,1,10k,
14,SW1,SW_Push_SPST_NO_Alps_SKRK,1,SW_Push,
15,U2,SOT-23,1,MCP1700x-330xxTT,
16,U4,IC_W25Q16JVUXIQ_TR,1,W25Q16JVUXIQ_TR,
17,"C1,C10",C_0402_1005Metric,2,1uF,