Designator,Val,Package,Mid X,Mid Y,Rotation,Layer
C1,1uF,C_0402_1005Metric,155.2,-89.1,45,top
C2,0.1uF,C_0402_1005Metric,151.82,-99.61,-90,top
C3,0.1uF,C_0402_1005Metric,144.11,-95.2,180,top
C4,0.1uF,C_0402_1005Metric,145.2,-89.6,180,top
C5,0.1uF,C_0402_1005Metric,153.7,-89.1,90,top
C6,0.1uF,C_0402_1005Metric,151.12,-85.88,90,top
C7,0.1uF,C_0402_1005Metric,152.12,-84.88,90,top
C8,0.1uF,C_0402_1005Metric,155.1,-90.6,0,top
C9,0.1uF,C_0402_1005Metric,156.2,-95.5,0,top
C10,1uF,C_0402_1005Metric,152.82,-99.61,-90,top
C11,0.1uF,C_0402_1005Metric,152.7,-88.8,90,top
C12,0.1uF,C_0402_1005Metric,150.12,-85.88,90,top
C13,10uF,C_0603_1608Metric,146.5,-73.1,180,top
C14,10uF,C_0603_1608Metric,147.4,-78.7,180,top
C15,33pF,C_0402_1005Metric,146.5,-101.6,-90,top
C16,33pF,C_0402_1005Metric,151.9,-101.6,90,top
C18,0.1uF,C_0402_1005Metric,148.09,-84.37,0,top
D1,SK6812MINI,LED_6028R,147.85,-107.7,90,top
D2,SK6812MINI,LED_6028R,152.9,-107.7,90,top
J1,USB_C_Receptacle_USB2.0_14P,USB_C_Receptacle_HRO_TYPE-C-31-M-12,150,-67,180,top
J2,Conn_01x20,PinHeader_1x20_P2.54mm_Vertical,141.11,-65.87,0,top
J3,Conn_01x20,PinHeader_1x20_P2.54mm_Vertical,158.89,-65.87,0,top
J4,Conn_01x03,PinHeader_1x03_P2.54mm_Vertical,147.8,-113.79,90,top
R1,5.1k,R_0402_1005Metric,148.5,-73.2,-90,top
R2,5.1k,R_0402_1005Metric,151.5,-73.2,-90,top
R3,27,R_0402_1005Metric,150.7,-88.5,-90,top
R4,27,R_0402_1005Metric,151.7,-88.5,-90,top
R5,1k,R_0402_1005Metric,150.3,-99.4,180,top
R6,1k,R_0402_1005Metric,145.7,-82.7,-90,top
R7,10k,R_0402_1005Metric,146.19,-84.37,180,top
SW1,SW_Push,SW_Push_SPST_NO_Alps_SKRK,153.1,-77.2,90,top
U1,RP2040,QFN-56-1EP_7x7mm_P0.4mm_EP3.2x3.2mm,150,-94,0,top
U2,MCP1700x-330xxTT,SOT-23,147.4,-75.9,90,top
U4,W25Q16JVUXIQ_TR,IC_W25Q16JVUXIQ_TR,147.1,-86.4,0,top
Y1,12 MHz,Crystal_SMD_3225-4Pin_3.2x2.5mm,149.2,-101.7,180,top